id,name,email,password,role,phone_number,location,address
1,Ghaliyati Nasyiah,968nurdiyantimaras@example.com,$2b$10$GS.6iWgFmuLQdopv6oThreYuk4iDJVl69dgv34BuBvRmZiDbZQWKK,consumer,+62-27-654-4357,"('37.58105', '29.26639', 'Serinhisar', 'TR', 'Europe/Istanbul')","Gang Sukajadi No. 283, Padang Sidempuan, DKI Jakarta 79285"
2,Ani Tarihoran,297cinthia62@example.org,$2b$10$VL2ey53zW6nKqg9v/KCEdutTNAqbGjUTC4EJel5sC42dd2ot/Wrw6,consumer,(096) 565-4620,"('36.82167', '128.63083', 'Eisen', 'KR', 'Asia/Seoul')","Gg. Kendalsari No. 80, Bukittinggi, Bengkulu 64921"
3,"drg. Talia Waskita, S.E.",99smandasari@example.org,$2b$10$79YwmqZ3IMthPzlmZWyV2uCTwX1bf6gL7RA1pvCtSviTd4Cvp/TZG,consumer,(090) 036 2707,"('49.41029', '38.15035', 'Svatove', 'UA', 'Europe/Zaporozhye')","Jalan Setiabudhi No. 47, Medan, JI 71551"
4,Malika Iswahyudi,103adikaralailasari@example.org,$2b$10$goBFIT3FgzrH79UEOfmd7uGKA6VpbxP3htk1w9cresd1pRpXDLqOu,consumer,(0720) 456 5779,"('36.92574', '14.72443', 'Ragusa', 'IT', 'Europe/Rome')","Jl. Lembong No. 02, Pangkalpinang, Sulawesi Utara 26224"
5,"Ir. Jinawi Sihombing, M.M.",157satyausada@example.net,$2b$10$fYIhquGCLJVGLBap6b6A3eqrq5ce9838PDGXTn4kZ.9wpzYWYNKNa,consumer,+62 (98) 039-5876,"('6.8485', '3.64633', 'Shagamu', 'NG', 'Africa/Lagos')","Jalan Moch. Toha No. 540, Denpasar, Sumatera Barat 19593"
6,"Tgk. Titin Latupono, S.H.",59arta78@example.net,$2b$10$B0MoenN/amx9igaU9h1dZ.bvdxCYGYc4AcAC9sGKctyolH.fCC992,consumer,+62 (0332) 972 6305,"('20.88197', '85.83334', 'Bhuban', 'IN', 'Asia/Kolkata')","Jalan Ahmad Yani No. 7, Salatiga, JI 56557"
7,"Zelaya Usamah, M.M.",678timbul54@example.org,$2b$10$MbDzxny2IwPJLETM7PV9EeGkjfx4C/izTIhGcIIKnwyXzMGxR/CZu,consumer,+62 (087) 024-9256,"('40.63316', '-74.13653', 'Port Richmond', 'US', 'America/New_York')","Gg. Kutisari Selatan No. 46, Tebingtinggi, YO 47490"
8,Ir. Mariadi Sitompul,722atma38@example.org,$2b$10$7.OFPnyjCzR5B.jObh7NCOLricNVgQEnc1tBrI0rZvARlHBSTjV.2,consumer,+62 (0035) 699-9954,"('43.48961', '-8.2194', 'Ferrol', 'ES', 'Europe/Madrid')","Jl. Yos Sudarso No. 57, Magelang, Papua Barat 19067"
9,Adikara Nurdiyanti,596qzulaika@example.com,$2b$10$BIFEm.BpC7JhEKp00Tjpbua1HlkEhXJU3628OqHjdR2l98ZJCndqm,consumer,+62-0643-499-0830,"('39.12074', '27.18052', 'Bergama', 'TR', 'Europe/Istanbul')","Jalan Jend. Sudirman No. 55, Parepare, JK 72488"
10,Xanana Rahmawati,803pranowoharto@example.com,$2b$10$iXakROMf9EnxeXDhBO37k.tA6OwkR9Od2uoTxrcEwpyA.0r1WpbYC,consumer,(088) 173-5260,"('50.8', '3.16667', 'Wevelgem', 'BE', 'Europe/Brussels')","Gang Suniaraja No. 991, Malang, Kalimantan Barat 26363"
11,Gawati Samosir,466sitorusasirwanda@example.net,$2b$10$5R8v2ATm9ChTkPe5wiRrleBv2idOrDgfgP7DkH/pYU3mSD.A0DDxe,consumer,+62 (045) 483 3740,"('42.67164', '14.01481', 'Roseto degli Abruzzi', 'IT', 'Europe/Rome')","Jl. Cihampelas No. 5, Pagaralam, JB 45226"
12,Manah Kuswandari,559kaylamegantara@example.org,$2b$10$I/qmK.5b0kYQzTOm3CzYwuuD0l1GEykBn5DmNYMy7kyf/SsxYDuQm,consumer,+62 (037) 255-9055,"('31.82539', '72.54064', 'Sillanwali', 'PK', 'Asia/Karachi')","Gang Cikutra Barat No. 5, Bandung, MU 44274"
13,Raisa Hardiansyah,130uramadan@example.org,$2b$10$B0xeOTfMr4KkNrJHyGjZLOIi/wwMa9i53hG1MhIq5QTBDNbyVtjye,consumer,(0494) 321-8628,"('-13.7804', '34.4587', 'Salima', 'MW', 'Africa/Blantyre')","Gang S. Parman No. 2, Malang, Papua 13008"
14,Yance Siregar,911vanya26@example.org,$2b$10$nowDJoVpT7/5BH8GsM5oCueeKGUCRGw7VOVkRcNZjOLpL9yMSbT0u,consumer,+62-576-161-3238,"('-10.33333', '39.28333', 'Nyangao', 'TZ', 'Africa/Dar_es_Salaam')","Jl. Sentot Alibasa No. 69, Bontang, Riau 28236"
15,Hamima Pranowo,757siregarnatalia@example.org,$2b$10$sDzP/v0UTsk5P64Yhx7Gdu2GEhToIFqwZR/a9n1ccmQjulTvbe54C,consumer,(073) 611 8427,"('39.33427', '-76.43941', 'Middle River', 'US', 'America/New_York')","Gg. Ronggowarsito No. 0, Sorong, Bali 50660"
16,Bahuwirya Nuraini,534hutagalungusyi@example.net,$2b$10$u9/Uq/VOBTPPrAPVSFg2/OJ.X23/jNpokC59hqkGDWFrNh01y8ckO,consumer,+62-63-665-2936,"('-33.59217', '-70.6996', 'San Bernardo', 'CL', 'America/Santiago')","Jalan Dr. Djunjunan No. 362, Prabumulih, Jawa Tengah 99669"
17,"Utama Waluyo, M.Farm",543lsaragih@example.net,$2b$10$GFn2O9QDVCEb0pNOjBBp3OINhEKfoKWo4jn5vLsR2cetUO0Wp6PGa,consumer,0864503836,"('52.4581', '13.28702', 'Dahlem', 'DE', 'Europe/Berlin')","Jalan Lembong No. 389, Bontang, Kalimantan Utara 21603"
18,Dr. Pia Pratama,459pprasetyo@example.net,$2b$10$/5FW0YVCWk1u93Y9KF3gO.nG9phgJTK37DAVr5uSWD3tu62nR3/jO,consumer,+62-02-024-4199,"('18.18158', '76.03889', 'Osmanabad', 'IN', 'Asia/Kolkata')","Jalan Sentot Alibasa No. 829, Purwokerto, KB 35127"
19,Dodo Widiastuti,619nwibisono@example.com,$2b$10$6YGTdtF5IFLG86Ko3JFf0OeX6VfHcYo9lLhjXOseYFcsHszvAocGG,consumer,+62-071-968-7387,"('-26.22861', '-52.67056', 'Pato Branco', 'BR', 'America/Sao_Paulo')","Gang Gardujati No. 059, Samarinda, Riau 04863"
20,Dr. Umay Pudjiastuti,707setiawanleo@example.com,$2b$10$LxyTVtFVHjx51zyqTzd8fetRYd6y5yubDqtb2ltLddPUvh4nBekSO,consumer,+62-993-551-6509,"('37.71715', '-122.40433', 'Visitacion Valley', 'US', 'America/Los_Angeles')","Gang Rajiman No. 4, Prabumulih, Kalimantan Barat 22127"
21,Gilda Putra,925wardaya22@example.com,$2b$10$l5ENMs1uPHwvCNAagm5q9O9yE4BiHwRLuRcjK4sWik6NNJ8Rum.j2,consumer,(0306) 809 9860,"('38.17492', '-122.2608', 'American Canyon', 'US', 'America/Los_Angeles')","Gg. Ir. H. Djuanda No. 1, Bogor, LA 16128"
22,Sabri Safitri,841oktavianiwani@example.com,$2b$10$d9n0CIzxKPwjb.7.H8V1yuKYaEYBJUHL7AvdkQp4Kyqre5SgPESMS,consumer,(054) 249-2786,"('33.72255', '-116.37697', 'Palm Desert', 'US', 'America/Los_Angeles')","Gg. Sukabumi No. 59, Palu, PA 56943"
23,"R.A. Ghaliyati Hardiansyah, S.Farm",727laksmiwatiellis@example.com,$2b$10$Bhp3V77j9VhLgjQCJ.C.ruy5KKkcj/zZ.0Kbc43Glgnv8hJWf1KMe,consumer,+62 (67) 875 1499,"('40.70995', '0.57856', 'Amposta', 'ES', 'Europe/Madrid')","Gang Raya Ujungberung No. 359, Purwokerto, KT 81767"
24,H. Gilang Namaga,163bwibisono@example.com,$2b$10$wyG76zhSnGUXaFlasnPqzObdhG9NczqQMrFvo/RfODpIp7CzDN/da,consumer,+62 (025) 553 6645,"('42.7392', '-84.62081', 'Waverly', 'US', 'America/Detroit')","Jalan Cikutra Barat No. 253, Bitung, BE 46337"
25,dr. Artawan Halimah,691sinagasafina@example.com,$2b$10$O3kLDog270sLUPBWyPnGBubWO3.gVkR0wDeJZYs6nlmBKgCGbYFSi,consumer,(084) 530 0036,"('-0.35817', '42.54536', 'Kismayo', 'SO', 'Africa/Mogadishu')","Jalan Rawamangun No. 16, Magelang, ST 90341"
26,"Yosef Zulaika, M.Kom.",460harsantohakim@example.org,$2b$10$gEX5r3WaTS1OKoiY7UmG3.YwZqoGHeY8r48dnfVaqqWEWlPD0.8.a,consumer,+62-0115-719-3086,"('41.92361', '20.91361', 'Bogovinje', 'MK', 'Europe/Skopje')","Jalan Cempaka No. 409, Padang Sidempuan, Sulawesi Selatan 90493"
27,Hari Gunawan,206kiandrakuswandari@example.com,$2b$10$Iu00JNX.hCOdWCl4pOnRfOD2z6c31vLMILjqMto2E1mmMqe3uO2le,consumer,+62 (035) 289-1117,"('3.11988', '35.59642', 'Lodwar', 'KE', 'Africa/Nairobi')","Jalan Tebet Barat Dalam No. 0, Tual, Kalimantan Timur 42186"
28,"Ir. Daliono Mahendra, S.E.",839pdongoran@example.com,$2b$10$mT1Zkhn/1h/ut4R0lPtfnOvqcUxlxmSBqawaNfT0j6cM.6x9QIFC.,consumer,+62-99-714-4509,"('44.75874', '19.21437', 'Bijeljina', 'BA', 'Europe/Sarajevo')","Jalan Surapati No. 343, Blitar, Kalimantan Utara 04616"
29,"Puti Paris Farida, S.Kom",832kusmawatipia@example.com,$2b$10$VuvL4p0OF95S9ZJG8jDMFOynKlYJg2OmInFVNYGsGMGAcJtAF0OT.,consumer,+62 (054) 136-3147,"('51.65333', '5.2875', 'Vught', 'NL', 'Europe/Amsterdam')","Jalan Ronggowarsito No. 35, Tanjungpinang, NB 58700"
30,Paulin Wacana,247qnovitasari@example.net,$2b$10$e1l8ikNIMaa38QSKq0UKhecEAlcBxHgZJ2MNSrEQ1IwMTVSQpPUwG,consumer,+62 (073) 150 4343,"('32.54278', '111.50861', 'Danjiangkou', 'CN', 'Asia/Shanghai')","Jalan Kiaracondong No. 91, Solok, Sulawesi Tenggara 53716"
31,Bagus Saragih,698permadikariman@example.com,$2b$10$Z8Vbw.C0QUk2DVN881KG0.ADqy5oaxG.i6jUgHXNWkYrW4gBkvvxW,consumer,+62-045-105-1098,"('20.14298', '-77.43532', 'Media Luna', 'CU', 'America/Havana')","Jl. Cikutra Barat No. 45, Bukittinggi, KB 19534"
32,"Parman Prasasta, M.Farm",715hnashiruddin@example.org,$2b$10$pvxxbG.wrz4J1x4d7SGwm.QDt7Kn92ptM6HuYQGdriQNFtRuxI5kW,consumer,+62 (40) 302 5845,"('57.30185', '39.85331', 'Gavrilov-Yam', 'RU', 'Europe/Moscow')","Jl. Kiaracondong No. 024, Payakumbuh, Kalimantan Timur 24023"
33,Dewi Rajasa,671xardianto@example.com,$2b$10$EOyxX98KEz5d4zmgg7D8.uB2/g4/2Q68tFzf6kbMKTwO4cb8Xfq96,consumer,+62 (276) 102-3198,"('45.40008', '-73.58248', 'Sainte-Catherine', 'CA', 'America/Toronto')","Gg. Gedebage Selatan No. 69, Bima, PA 10868"
34,Mitra Pudjiastuti,168emilharyanto@example.net,$2b$10$KsgfUpYc0SFUwBOGIvHu6OudbHm8/3ZlPFL.Ibgu88MDCJJTzfh4C,consumer,+62 (0038) 068-6900,"('14.93333', '-91.11667', 'Chichicastenango', 'GT', 'America/Guatemala')","Jl. Sukabumi No. 83, Semarang, Papua 01047"
35,Ismail Laksmiwati,536cnasyidah@example.com,$2b$10$hwpulPF.AiFvnE9lb1RXuuLtJn5WgYFOSIiW/.Dw74wUjYb.cIs1a,consumer,+62 (0081) 260 4696,"('52.48173', '-2.12139', 'Brierley Hill', 'GB', 'Europe/London')","Gg. Antapani Lama No. 475, Padangpanjang, Sumatera Selatan 53804"
36,Vero Hastuti,94maryadianastasia@example.net,$2b$10$yu5HvtrbLfrenqEXz/53NOV3UbDXJCrkBTlDL15VKi/AGYEbQV3sa,consumer,+62 (020) 127 7629,"('-11.94306', '-76.70944', 'Chosica', 'PE', 'America/Lima')","Gg. H.J Maemunah No. 3, Depok, KU 68785"
37,Amelia Anggriawan,525qwaluyo@example.org,$2b$10$XI9xPCtrMkxdOoUL9btqFO22jell1Zdk5HQYvKemco.eG8eyIuNKm,consumer,+62 (0001) 991 7104,"('37.58105', '29.26639', 'Serinhisar', 'TR', 'Europe/Istanbul')","Jl. Medokan Ayu No. 078, Purwokerto, Bali 90925"
38,Harto Siregar,913darmantousada@example.org,$2b$10$8TkY0tnSm7tIFtYy.2Q4fue1O5f8r0t.MsS0yzX.2rCUa9SYPVcjy,consumer,+62-16-168-0032,"('-7.51611', '109.05389', 'Wangon', 'ID', 'Asia/Jakarta')","Jalan R.E Martadinata No. 534, Probolinggo, SU 92181"
39,"Ir. Ibrani Waluyo, M.Farm",24paimannainggolan@example.com,$2b$10$oEXs7JE10nB6aM045j919uWfjQ/mwzDBjZM67c8XoRrJSlDKIU4jK,consumer,(098) 707 2470,"('37.35813', '-6.03731', 'San Juan de Aznalfarache', 'ES', 'Europe/Madrid')","Jalan Raya Setiabudhi No. 9, Yogyakarta, Aceh 63561"
40,"Rina Riyanti, S.E.I",498gatotmandala@example.org,$2b$10$RO2Z.0JMAvXZ4d0pYmiz4OFMSJDKrPU/YUHcDl8rtNeIAqzEgEJAq,consumer,(0586) 902-7470,"('37.73222', '115.70111', 'Hengshui', 'CN', 'Asia/Shanghai')","Jl. Jend. Sudirman No. 7, Tual, Jambi 01161"
41,Gantar Firgantoro,347megantaraamalia@example.net,$2b$10$ieKlwqcXk0kHxWdT.rK/7eBtdPFxZly3Rm3K8R4e5EPfgzkz/ydOm,consumer,+62 (19) 341-0062,"('47.48444', '36.25361', 'Polohy', 'UA', 'Europe/Zaporozhye')","Gg. M.H Thamrin No. 48, Salatiga, NT 57658"
42,Martaka Saragih,247natsirlimar@example.org,$2b$10$44E1DbqRWdx818fYKVGNx.uuar2XoJ6aIHqnaEXaSj1FlOH8phvCq,consumer,+62 (117) 490-9118,"('53.59337', '9.47629', 'Stade', 'DE', 'Europe/Berlin')","Gg. Rajawali Barat No. 42, Palembang, SS 29297"
43,Paris Putra,600hartakasetiawan@example.net,$2b$10$4CdpDvLKSuy9SJixyWYPTuWTrbUkogk2S5Zfa8hxeBMK5W9bRSGd6,consumer,+62 (997) 610-9701,"('-34.88422', '150.60036', 'Nowra', 'AU', 'Australia/Sydney')","Gg. Soekarno Hatta No. 23, Sukabumi, SN 38396"
44,"Cut Agnes Suartini, S.Ked",730jsalahudin@example.com,$2b$10$68a90al7FegDKT1GMfUVeORGRvC7jCrU/DfWLRLrDi2Z7BUNwy33m,consumer,+62 (091) 703-9838,"('54.39304', '53.26023', 'Bavly', 'RU', 'Europe/Moscow')","Jl. Moch. Toha No. 8, Bima, PA 11184"
45,Iriana Gunarto,542siregargenta@example.org,$2b$10$8L62RCC2W9TqmtUosBxHFO8Xn3dgnl3ZYmACnyGb6hXdgeKMm5PAG,consumer,+62 (80) 791-0449,"('54.90083', '38.07083', 'Stupino', 'RU', 'Europe/Moscow')","Jl. Pasirkoja No. 79, Surakarta, BE 37220"
46,Cagak Purwanti,532silvia58@example.com,$2b$10$AjoEDy/zpFnX2hbuLwFWd.KJwWXG1geflBC1eLAQXX5hzJ9.783wO,consumer,+62-0429-665-8158,"('-4.83', '29.65806', 'Mwandiga', 'TZ', 'Africa/Dar_es_Salaam')","Jl. Astana Anyar No. 55, Ternate, Bengkulu 19771"
47,T. Jarwadi Aryani,485dagel75@example.net,$2b$10$RBQjFnOgzrYFAz1AnVBzMeP13g4ACWqaN4FT63lBYZICR4Ho5cwaS,consumer,+62 (68) 077 4186,"('45.69558', '4.7934', 'Saint-Genis-Laval', 'FR', 'Europe/Paris')","Jalan Rajawali Barat No. 8, Bontang, BA 04765"
48,"Usyi Handayani, M.Ak",869ulihakim@example.net,$2b$10$k/CZWx3FeduQu.xk640uH.MMjtq5Hf.O3Yj7Ehcfv4oWriwqKgV06,consumer,+62 (0107) 556-4825,"('40.93333', '73', 'Jalal-Abad', 'KG', 'Asia/Bishkek')","Gg. Ahmad Dahlan No. 22, Bima, SG 86387"
49,Argono Rajasa,46akusmawati@example.org,$2b$10$chhWpPtKK5SWOmpYfb3TleE64RIyww5FMwoDxX8LcW..Yx5MRmUyK,consumer,+62-072-790-9561,"('25.75728', '75.37991', 'Deoli', 'IN', 'Asia/Kolkata')","Gg. Dr. Djunjunan No. 8, Bekasi, Jambi 21500"
50,Kunthara Puspita,906salwa15@example.com,$2b$10$/YphpbUgt7MQ3LigHmAzreiWRQbmeSAkqL49BwSDtl.7TqZLvjtoa,consumer,(029) 767-7083,"('41.27621', '-72.86843', 'East Haven', 'US', 'America/New_York')","Gg. Kutai No. 001, Surakarta, Kalimantan Tengah 62685"
51,Nilam Sinaga,151haryantisalimah@example.org,$2b$10$msosat/jJN4FJ6bl3t/Ik..BbMvGg2n5IWixyIKY2JJHXJuQlPYfa,consumer,(014) 113-8773,"('49.738430', '13.373637', 'Plzeň', 'CZ', 'Europe/Prague')","Gg. Medokan Ayu No. 7, Samarinda, BT 25835"
52,"Titi Samosir, S.I.Kom",621kuswandaridarmanto@example.net,$2b$10$u.cdgd9eMVp7OKoMek6n/.26fkRC1rDJG8t3VHKp9z53dv2AvdgjG,consumer,+62 (40) 679-0703,"('51.14942', '15.00835', 'Zgorzelec', 'PL', 'Europe/Warsaw')","Jl. Suniaraja No. 91, Palopo, Sumatera Barat 80978"
53,Umay Tarihoran,347mangunsongtaufik@example.net,$2b$10$vE2tLQ56W699AzNewbBoJOuN92dw0siICTxxGu4yvoltTf.agt8Yi,consumer,(0438) 795-1939,"('-10.95817', '-38.79084', 'Tucano', 'BR', 'America/Bahia')","Gg. Rajawali Barat No. 9, Ambon, Papua 47746"
54,"Umi Adriansyah, S.Ked",371harjasarajata@example.org,$2b$10$OZoG07inDioMuelb7csIeuidz7VWSYbwfMvx/.nQAkUVAwjpoQAs2,consumer,+62 (046) 822-4864,"('57.47908', '-4.22398', 'Inverness', 'GB', 'Europe/London')","Jalan Medokan Ayu No. 6, Bau-Bau, Riau 78399"
55,Atmaja Jailani,602simbolonjabal@example.com,$2b$10$wZ2YyHGSI4WYrb2e.FtGRe5yR9vNhA0RY.Gndn221pSRmX074VFam,consumer,+62 (52) 645 2298,"('39.45621', '-77.96389', 'Martinsburg', 'US', 'America/New_York')","Gg. Setiabudhi No. 6, Cilegon, Sulawesi Tengah 49374"
56,"drg. Mutia Mahendra, S.Gz",971gatrapudjiastuti@example.net,$2b$10$PHCiYVNHkwXHenqL4a/6CeRHADrxXovP3lRfTC8OoaTsaZ0ESdwYm,consumer,+62-234-368-1989,"('26.11527', '86.59509', 'Supaul', 'IN', 'Asia/Kolkata')","Gang Pasir Koja No. 798, Cimahi, Jambi 39476"
57,Gatra Saragih,839wasitaharsana@example.com,$2b$10$gQVfWVznk6FB30eT97z/dOgAuDO3cu.Nqw12Vi/Z6s6aeCphPpNeC,consumer,+62 (507) 841 4398,"('31.64615', '120.74221', 'Changshu City', 'CN', 'Asia/Shanghai')","Jl. Joyoboyo No. 391, Bima, JI 81303"
58,"KH. Laswi Sitorus, S.I.Kom",253arsipatra44@example.com,$2b$10$EILsYrBWF7QaEirq69ER/e1eC5KsyEEl2MHvP/8aFucQhV/OoeQim,consumer,+62-402-352-4251,"('35.89972', '14.51472', 'Valletta', 'MT', 'Europe/Malta')","Jalan Pasteur No. 924, Semarang, Sulawesi Selatan 47865"
59,"Sabar Oktaviani, M.Ak",832belinda11@example.com,$2b$10$HhHS.uUCUJD2Nybz3Q7Jeu4PTffjw4bjcNd.HdU7ijr6g99oqtjuO,consumer,+62-27-964-8231,"('33.72255', '-116.37697', 'Palm Desert', 'US', 'America/Los_Angeles')","Gg. Pasir Koja No. 62, Bima, RI 53318"
60,"Dr. Cahyono Santoso, S.Sos",84warsariyanti@example.com,$2b$10$Sr8fJdOmNTE8NPHrhcCRnung.9eyBzqecVZUoH2AVR6PNQMwJxpqu,consumer,+62 (021) 099 1236,"('43.11667', '1.6', 'Pamiers', 'FR', 'Europe/Paris')","Jl. Kapten Muslihat No. 4, Surabaya, Kalimantan Selatan 74861"
61,Patricia Hariyah,194adikara87@example.org,$2b$10$5awZ0Pe/YSvVKP1jYlrnqeKmJt29x1er13IEi04Z1tZ.e0J07Xt2O,consumer,084 210 7451,"('39.08367', '-84.50855', 'Covington', 'US', 'America/New_York')","Jl. Sukajadi No. 356, Palembang, Sulawesi Utara 25150"
62,Ira Irawan,823jinawi34@example.com,$2b$10$qUewEU4kH/0JrwLqKhBJC./3fkbJbEYG58R0Z4IJ2NMTV47kgI63K,consumer,(055) 249 5951,"('-21.98333', '16.91667', 'Okahandja', 'NA', 'Africa/Windhoek')","Jalan Dipatiukur No. 51, Cirebon, KB 10935"
63,Karen Anggraini,546ynapitupulu@example.net,$2b$10$1CfiKzuO6KAK3ztWHSAmZ.W36sTcNGkXqsQ02AlD/8MGYlc9Ynsru,consumer,+62-041-784-5724,"('29.38242', '70.91106', 'Alipur', 'PK', 'Asia/Karachi')","Jalan Yos Sudarso No. 521, Batam, KS 61244"
64,"Drs. Genta Mardhiyah, M.Farm",447primasitompul@example.org,$2b$10$vB/WPOQLwbGfBEhogCNILu5vY93LTbvsU/lTElR515C7iv.qejE8y,consumer,(023) 436 8868,"('3.02013', '30.91105', 'Arua', 'UG', 'Africa/Kampala')","Jalan Sentot Alibasa No. 0, Gorontalo, SB 43317"
65,"Salimah Tamba, M.Pd",572isalahudin@example.org,$2b$10$UvSM9OC10ljvM3kMP.QH9uE2gUozms9n4EWBgWD7IJa8rAKGlvJuO,consumer,+62 (50) 138 0954,"('43.61062', '-72.97261', 'Rutland', 'US', 'America/New_York')","Jl. Veteran No. 227, Tidore Kepulauan, Jawa Tengah 84702"
66,"Tiara Pratama, S.E.",513laksitamaimunah@example.com,$2b$10$ACcS19cE2Njj1FNN0X5ZC.IkBPZW9uxeTp3YhbBVM7m2CoEmNZxXK,consumer,(0916) 431 1959,"('42.30865', '-83.48216', 'Canton', 'US', 'America/Detroit')","Jalan Cikapayang No. 121, Pasuruan, Sumatera Barat 78990"
67,Ir. Titin Rahayu,630twastuti@example.com,$2b$10$A6/y6U8Cv04itqzSqJ48b.7FCG3WqyItJ7Ctmmoegzri6/HcmGok2,consumer,+62 (27) 290 9553,"('37.31309', '40.74357', 'Mardin', 'TR', 'Europe/Istanbul')","Gang Cempaka No. 76, Salatiga, Kalimantan Barat 97223"
68,Cemeti Suartini,325olivia40@example.com,$2b$10$w2nYM1WnYRC.7G7WTM7ieuvJSCcgOyFOpJd9Kcix/befVjTQ7EVGG,consumer,+62 (999) 131 0129,"('32.05971', '34.8732', 'Ganei Tikva', 'IL', 'Asia/Jerusalem')","Gg. Ciumbuleuit No. 141, Solok, Jawa Tengah 45124"
69,Kartika Adriansyah,654mnurdiyanti@example.org,$2b$10$LWN4LP21agcJL0KUYsYqFeJGjR6kozKDRapQPNrpBOOXofhWwlBce,consumer,+62-000-962-6401,"('39.45621', '-77.96389', 'Martinsburg', 'US', 'America/New_York')","Jalan Pelajar Pejuang No. 17, Tanjungbalai, Sumatera Utara 23619"
70,KH. Unggul Puspita,121qwasita@example.org,$2b$10$2NwRKizD48ozDuITSzZ6N.TKsLfcXax2sQs4Ceqkx/azMQ7chKiZi,consumer,0832696447,"('50.11861', '-5.53715', 'Penzance', 'GB', 'Europe/London')","Jalan H.J Maemunah No. 436, Bukittinggi, MA 90694"
71,T. Muhammad Habibi,458ardiantogara@example.com,$2b$10$M896qY28LpVhEabLCx2nTu0ccicyBjAq0cJexwI/Q9YiNfNjUKDMa,consumer,+62 (64) 127-1832,"('14.93333', '-91.11667', 'Chichicastenango', 'GT', 'America/Guatemala')","Gang Rawamangun No. 39, Padang Sidempuan, AC 29386"
72,Rahmi Pradana,215alambana66@example.net,$2b$10$z79HtsuIBLsV/83hDNThjugjNuF3ASJ5ZgzL62IKN4.NPOSSItmvq,consumer,+62 (0172) 253-1685,"('41.63976', '2.35739', 'Cardedeu', 'ES', 'Europe/Madrid')","Gang Moch. Toha No. 8, Tual, SB 69313"
73,Sabrina Wahyudin,2apranowo@example.org,$2b$10$8nKSuVs6rm5r5RWeQBX6I.Tkb6h2Q0jD/N1XUS3aOllic3prC1WOy,consumer,(0953) 019 7119,"('31.84568', '-102.36764', 'Odessa', 'US', 'America/Chicago')","Jalan Jend. A. Yani No. 74, Lubuklinggau, Bali 30856"
74,Garang Mangunsong,567padriansyah@example.net,$2b$10$wCV0AdNTRqJXaoML4KIK1O1hgs1WSXLYl9zncRgpX8glsk8TZOKVu,consumer,+62-409-841-3803,"('-22.57306', '-47.1725', 'Artur Nogueira', 'BR', 'America/Sao_Paulo')","Gang Suniaraja No. 413, Bima, PA 77510"
75,Karta Irawan,171janesaragih@example.org,$2b$10$5DgpBsYObtE3cJ0NPTM66OoBDM2dsdnQnzaax/yfTPQ1sB7ksMam.,consumer,(0169) 177 2069,"('6.15038', '6.83042', 'Nkpor', 'NG', 'Africa/Lagos')","Jl. Dipatiukur No. 36, Kendari, Maluku Utara 10449"
76,Prayogo Lailasari,488akarsana36@example.com,$2b$10$/ncLFC60gHoBqlsslxG33uipbd0eSBJe6/4jPSIwN81a524B6dTK6,consumer,(0278) 302 1152,"('38.37255', '34.02537', 'Aksaray', 'TR', 'Europe/Istanbul')","Jl. Wonoayu No. 79, Bengkulu, KT 78066"
77,"Tgk. Hadi Narpati, S.Psi",320msimanjuntak@example.org,$2b$10$V7awLPN5c8p7KfsBp6dayeZGkXl/zYPd7l.TbMvlVJeGqCSq9rGHu,consumer,(021) 292-7470,"('-7.57897', '112.23109', 'Diwek', 'ID', 'Asia/Jakarta')","Jl. Jend. Sudirman No. 19, Tangerang Selatan, Sulawesi Barat 67926"
78,"Salwa Rahmawati, S.Pd",931bnuraini@example.net,$2b$10$5JiZ8dv1RrGUbrGgEh0BsuBiz1Em9nyl/CYxuOY7xgaBWkJ0/c0.G,consumer,+62 (748) 016-0590,"('16.0567', '103.65309', 'Roi Et', 'TH', 'Asia/Bangkok')","Gg. Ronggowarsito No. 897, Depok, SS 08213"
79,"Ir. Darmaji Uyainah, S.I.Kom",360tari82@example.com,$2b$10$5lhevMf1nmiw7lSw8S1qGu2Ns8ZVvR8IcBmEXZtn.Jg/G13Aw.Ji6,consumer,+62-310-453-3846,"('31.82539', '72.54064', 'Sillanwali', 'PK', 'Asia/Karachi')","Jalan Lembong No. 6, Sukabumi, Jambi 15248"
80,Chelsea Prasetyo,137galuhprasasta@example.org,$2b$10$NCtN0uTndw3t.DxnUfsQRug6xCdIn5kYPH5J1Mv9Gd1R5M9un5CBe,consumer,+62-826-525-8241,"('41.66394', '-83.55521', 'Toledo', 'US', 'America/New_York')","Jl. Ir. H. Djuanda No. 2, Kupang, ST 91381"
81,Cayadi Wibisono,470opungaryani@example.org,$2b$10$GGuAC01Zhs8NJSiZF7gEW.mLsSYwIoOByf9QC/eig4T9w9vBHbbbm,consumer,+62 (0968) 834 4076,"('40.58654', '-122.39168', 'Redding', 'US', 'America/Los_Angeles')","Jl. Kapten Muslihat No. 22, Batam, KU 39867"
82,Kamila Ramadan,180yulianasiregar@example.com,$2b$10$/W5Ckmm6wTmnLVxkPv9Y7.9/sdxCmvAtFQm2apuRQp1qtSvEgLdXO,consumer,+62 (042) 060 5783,"('48.78232', '9.17702', 'Stuttgart', 'DE', 'Europe/Berlin')","Gg. Merdeka No. 90, Purwokerto, JT 41668"
83,"Elon Prastuti, S.E.",924adinatarahayu@example.net,$2b$10$PQ87LPwVciQLF3jkm4dbB.tSuNaM8grpYCCF2Sywqt/LRlN/EOp3G,consumer,+62-86-306-0976,"('36.53333', '136.61667', 'Nonoichi', 'JP', 'Asia/Tokyo')","Gang Sukajadi No. 9, Cimahi, NT 92576"
84,R.A. Agnes Uyainah,977fitrianifirgantoro@example.net,$2b$10$fgMDCeNShU20nWHZYIMs9.EJ8RlWOvj5b2ytCdrt8r47wDqp2SY/m,consumer,+62 (021) 779 7798,"('31.39547', '34.75699', 'Rahat', 'IL', 'Asia/Jerusalem')","Gg. Ahmad Yani No. 0, Palu, Kepulauan Riau 54162"
85,Ir. Umaya Siregar,846wage30@example.org,$2b$10$p3DXf5QpHDCJQIRL3lXgMuE9OE6mXHgI4k9WvBV/sT/O8mBQCR2u.,consumer,0862909426,"('25.75728', '75.37991', 'Deoli', 'IN', 'Asia/Kolkata')","Jalan Indragiri No. 611, Kota Administrasi Jakarta Utara, BA 46915"
86,"Karsana Rahimah, M.TI.",493dpuspasari@example.org,$2b$10$2.CKlPs.PjhAkixj4pbdxO6iVdPsqvqNxL5wTuvC1I5FYp3oczUqW,consumer,087 390 9024,"('36.64852', '51.49621', 'Nowshahr', 'IR', 'Asia/Tehran')","Jalan M.H Thamrin No. 352, Tanjungpinang, JB 35087"
87,dr. Bakda Puspita,989simbolonsilvia@example.net,$2b$10$HHrjG7iiSabKNtT1RWsLW.VEtGy4bUXUSmxcqw./joCvHKG7hNJFW,consumer,+62-0569-884-0249,"('24.81757', '84.63445', 'Rafiganj', 'IN', 'Asia/Kolkata')","Gang K.H. Wahid Hasyim No. 9, Kediri, Bengkulu 17233"
88,"Sutan Daru Prasetyo, S.Psi",398tina77@example.com,$2b$10$xhQ6OLa6Gt6PJMjJzLMNROmlpFf1o9we1AY4xcYXa/N0.5Z0Exi4G,consumer,+62 (99) 840-0246,"('22.10194', '85.37752', 'Barbil', 'IN', 'Asia/Kolkata')","Gg. Moch. Toha No. 427, Tual, BA 80794"
89,R.M. Tasdik Mangunsong,127hariyahlaswi@example.org,$2b$10$PEq53rudicTvyu5BSODcsu2q0ou5/3zrSZVajq1rfiF/6hG00wMYu,consumer,082 959 5327,"('39.71734', '-74.96933', 'Sicklerville', 'US', 'America/New_York')","Jalan M.T Haryono No. 07, Bengkulu, KB 32988"
90,"Tgk. Bella Usamah, S.Pt",906harjasamayasari@example.net,$2b$10$PIPc/3Jn4ZqJhWQMy2NAV.lEoTnAdGupEjuaCU.7O0x4xRL6qk7Qu,consumer,(096) 017 8966,"('36.76775', '2.95924', 'Cheraga', 'DZ', 'Africa/Algiers')","Jl. Wonoayu No. 19, Bandung, Sulawesi Tenggara 67135"
91,Latika Wacana,433tampubolondrajat@example.org,$2b$10$gGU/B/X/PpriHQRPUjpnF.tnhzdzmt1SGwo8AvLxIvUI6yXQxaLRe,consumer,+62-0310-832-0028,"('-14.66463', '-52.35558', 'Nova Xavantina', 'BR', 'America/Cuiaba')","Gang Raya Ujungberung No. 0, Samarinda, KS 42633"
92,"dr. Hana Napitupulu, S.T.",541mamanwidodo@example.org,$2b$10$pjxC.J2RITfhbs9WuBbspuHbcBP923wARRaQ5MDPtrlZFZtBhwEWW,consumer,+62 (59) 580 3142,"('-29.2975', '-51.50361', 'Carlos Barbosa', 'BR', 'America/Sao_Paulo')","Gg. W.R. Supratman No. 4, Blitar, JT 02965"
93,Estiawan Mustofa,300sihombingdrajat@example.org,$2b$10$HbQ1.bl.cFddHXuOaT6xAOf80ViLijBWwCnuZsKgS/7gSi8nIn7i.,consumer,080 636 7190,"('48.90982', '2.45012', 'Bobigny', 'FR', 'Europe/Paris')","Jl. Jamika No. 738, Sorong, BE 04993"
94,"Olivia Tarihoran, M.Farm",694cagaksantoso@example.org,$2b$10$fPrGdw/zIF43WRXVci/7vO3IH8fBuFRPxfUmcybMmWc5E0mBZELhK,consumer,+62 (42) 148-3595,"('32.54278', '111.50861', 'Danjiangkou', 'CN', 'Asia/Shanghai')","Jalan Pacuan Kuda No. 239, Palangkaraya, KI 54391"
95,"Drajat Kurniawan, S.IP",525harimurtihassanah@example.com,$2b$10$6No4A6L9ZX39pj2upHc8j.3fwFqFgFemiRNIlocy8y9oJyjo8GJ1e,consumer,+62 (0716) 658-0067,"('31.84568', '-102.36764', 'Odessa', 'US', 'America/Chicago')","Gang KH Amin Jasuta No. 689, Tasikmalaya, AC 39982"
96,"Mala Nurdiyanti, S.Ked",707nurul91@example.org,$2b$10$VnsZsMt.vZPkAdvTIVVnYe3FQFLieIF/uDrm69xEQt1mCId90Sx8S,consumer,+62 (072) 179-7820,"('34.25628', '-78.04471', 'Leland', 'US', 'America/New_York')","Gg. Gegerkalong Hilir No. 7, Padang, Sulawesi Barat 86862"
97,"Kiandra Hidayat, S.Gz",932cakrabuana58@example.com,$2b$10$pFVYLMtNOSmLXcCWBlHCOOnstgTtzwcq5NaFsFpKJd9TXwUzvt.iO,consumer,(012) 711-4429,"('43.4125', '23.225', 'Montana', 'BG', 'Europe/Sofia')","Jalan Rungkut Industri No. 565, Tual, SR 97405"
98,Karimah Zulaika,424waskitaparis@example.com,$2b$10$DVXRMQ3qbeRiNul3fRQI0embKfO0FdECQam/RJ2oOC9xDVEgwjl76,consumer,(009) 250-0681,"('46.18396', '6.10237', 'Onex', 'CH', 'Europe/Zurich')","Jalan Joyoboyo No. 99, Balikpapan, JB 24639"
99,Salsabila Januar,342padmizulkarnain@example.net,$2b$10$GqqtkwaLjbvxYCrECVKv/u1Ia5cYN0vw7uzZvCuPMFxIBWCHbxPg.,consumer,+62-91-174-9135,"('50.5107', '18.30056', 'Strzelce Opolskie', 'PL', 'Europe/Warsaw')","Jl. Ronggowarsito No. 0, Banjarbaru, JB 99555"
100,"Jayeng Prabowo, S.Farm",111jagapatiuwais@example.com,$2b$10$BfLgKFm0pR0DT7U0qYfSYeAYhhIA.qhUgsN2YHKQNpIf0DJYRb7ui,consumer,+62 (019) 657 2468,"('1.6', '103.81667', 'Ulu Tiram', 'MY', 'Asia/Kuala_Lumpur')","Jl. Surapati No. 121, Ternate, Aceh 15714"
